cid,cmpdname,mf,isosmiles,2D-Structure
10184653,Afatinib,C24H25ClFN5O3,CN(C)C/C=C/C(=O)NC1=C(C=C2C(=C1)C(=NC=N2)NC3=CC(=C(C=C3)F)Cl)O[C@H]4CCOC4,"<img src=""https://pubchem.ncbi.nlm.nih.gov/image/imgsrv.fcgi?&cid=10184653&t=l"">"
176871,Erlotinib hydrochloride,C22H24ClN3O4,COCCOC1=C(C=C2C(=C1)C(=NC=N2)NC3=CC=CC(=C3)C#C)OCCOC.Cl,"<img src=""https://pubchem.ncbi.nlm.nih.gov/image/imgsrv.fcgi?&cid=176871&t=l"">"
118607832,Mobocertinib,C32H39N7O4,CC(C)OC(=O)C1=CN=C(N=C1C2=CN(C3=CC=CC=C32)C)NC4=C(C=C(C(=C4)NC(=O)C=C)N(C)CCN(C)C)OC,"<img src=""https://pubchem.ncbi.nlm.nih.gov/image/imgsrv.fcgi?&cid=118607832&t=l"">"
123631,Gefitinib,C22H24ClFN4O3,COC1=C(C=C2C(=C1)N=CN=C2NC3=CC(=C(C=C3)F)Cl)OCCCN4CCOCC4,"<img src=""https://pubchem.ncbi.nlm.nih.gov/image/imgsrv.fcgi?&cid=123631&t=l"">"
176870,Erlotinib,C22H23N3O4,COCCOC1=C(C=C2C(=C1)C(=NC=N2)NC3=CC=CC(=C3)C#C)OCCOC,"<img src=""https://pubchem.ncbi.nlm.nih.gov/image/imgsrv.fcgi?&cid=176870&t=l"">"
71496458,Osimertinib,C28H33N7O2,CN1C=C(C2=CC=CC=C21)C3=NC(=NC=C3)NC4=C(C=C(C(=C4)NC(=O)C=C)N(C)CCN(C)C)OC,"<img src=""https://pubchem.ncbi.nlm.nih.gov/image/imgsrv.fcgi?&cid=71496458&t=l"">"
11511120,Dacomitinib,C24H25ClFN5O2,COC1=C(C=C2C(=C1)N=CN=C2NC3=CC(=C(C=C3)F)Cl)NC(=O)/C=C/CN4CCCCC4,"<img src=""https://pubchem.ncbi.nlm.nih.gov/image/imgsrv.fcgi?&cid=11511120&t=l"">"
68165256,Brigatinib,C29H39ClN7O2P,CN1CCN(CC1)C2CCN(CC2)C3=CC(=C(C=C3)NC4=NC=C(C(=N4)NC5=CC=CC=C5P(=O)(C)C)Cl)OC,"<img src=""https://pubchem.ncbi.nlm.nih.gov/image/imgsrv.fcgi?&cid=68165256&t=l"">"
208908,Lapatinib,C29H26ClFN4O4S,CS(=O)(=O)CCNCC1=CC=C(O1)C2=CC3=C(C=C2)N=CN=C3NC4=CC(=C(C=C4)OCC5=CC(=CC=C5)F)Cl,"<img src=""https://pubchem.ncbi.nlm.nih.gov/image/imgsrv.fcgi?&cid=208908&t=l"">"
3081361,Vandetanib,C22H24BrFN4O2,CN1CCC(CC1)COC2=C(C=C3C(=C2)N=CN=C3NC4=C(C=C(C=C4)Br)F)OC,"<img src=""https://pubchem.ncbi.nlm.nih.gov/image/imgsrv.fcgi?&cid=3081361&t=l"">"
121280087,Almonertinib,C30H35N7O2,CN(C)CCN(C)C1=CC(=C(C=C1NC(=O)C=C)NC2=NC=CC(=N2)C3=CN(C4=CC=CC=C43)C5CC5)OC,"<img src=""https://pubchem.ncbi.nlm.nih.gov/image/imgsrv.fcgi?&cid=121280087&t=l"">"
22024915,Icotinib,C22H21N3O4,C#CC1=CC(=CC=C1)NC2=NC=NC3=CC4=C(C=C32)OCCOCCOCCO4,"<img src=""https://pubchem.ncbi.nlm.nih.gov/image/imgsrv.fcgi?&cid=22024915&t=l"">"
54758501,Olmutinib,C26H26N6O2S,CN1CCN(CC1)C2=CC=C(C=C2)NC3=NC4=C(C(=N3)OC5=CC=CC(=C5)NC(=O)C=C)SC=C4,"<img src=""https://pubchem.ncbi.nlm.nih.gov/image/imgsrv.fcgi?&cid=54758501&t=l"">"
121269225,Lazertinib,C30H34N8O3,CN(C)CC1=CN(N=C1C2=CC=CC=C2)C3=NC(=NC=C3)NC4=C(C=C(C(=C4)NC(=O)C=C)N5CCOCC5)OC,"<img src=""https://pubchem.ncbi.nlm.nih.gov/image/imgsrv.fcgi?&cid=121269225&t=l"">"
78357807,Osimertinib mesylate,C29H37N7O5S,CN1C=C(C2=CC=CC=C21)C3=NC(=NC=C3)NC4=C(C=C(C(=C4)NC(=O)C=C)N(C)CCN(C)C)OC.CS(=O)(=O)O,"<img src=""https://pubchem.ncbi.nlm.nih.gov/image/imgsrv.fcgi?&cid=78357807&t=l"">"
6918508,Falnidamol,C18H19ClFN7,CN1CCC(CC1)NC2=NC=C3C(=N2)C(=NC=N3)NC4=CC(=C(C=C4)F)Cl,"<img src=""https://pubchem.ncbi.nlm.nih.gov/image/imgsrv.fcgi?&cid=6918508&t=l"">"
11557040,Tykerb,C43H44ClFN4O11S3,CC1=CC=C(C=C1)S(=O)(=O)O.CC1=CC=C(C=C1)S(=O)(=O)O.CS(=O)(=O)CCNCC1=CC=C(O1)C2=CC3=C(C=C2)N=CN=C3NC4=CC(=C(C=C4)OCC5=CC(=CC=C5)F)Cl.O,"<img src=""https://pubchem.ncbi.nlm.nih.gov/image/imgsrv.fcgi?&cid=11557040&t=l"">"
6445562,Pelitinib,C24H23ClFN5O2,CCOC1=C(C=C2C(=C1)N=CC(=C2NC3=CC(=C(C=C3)F)Cl)C#N)NC(=O)/C=C/CN(C)C,"<img src=""https://pubchem.ncbi.nlm.nih.gov/image/imgsrv.fcgi?&cid=6445562&t=l"">"
42642648,Varlitinib,C22H19ClN6O2S,C[C@@H]1COC(=N1)NC2=CC3=C(C=C2)N=CN=C3NC4=CC(=C(C=C4)OCC5=NC=CS5)Cl,"<img src=""https://pubchem.ncbi.nlm.nih.gov/image/imgsrv.fcgi?&cid=42642648&t=l"">"
15606394,Afatinib dimaleate,C32H33ClFN5O11,CN(C/C=C/C(=O)NC1=C(C=C2N=CN=C(C2=C1)NC3=CC(=C(C=C3)F)Cl)O[C@@H]4COCC4)C.C(=C\C(=O)O)\C(=O)O.C(=C\C(=O)O)\C(=O)O,"<img src=""https://pubchem.ncbi.nlm.nih.gov/image/imgsrv.fcgi?&cid=15606394&t=l"">"
91668194,Mavelertinib,C18H22FN9O2,CN1C=C(C(=N1)OC)NC2=C3C(=NC(=N2)N4C[C@H]([C@@H](C4)F)NC(=O)C=C)N(C=N3)C,"<img src=""https://pubchem.ncbi.nlm.nih.gov/image/imgsrv.fcgi?&cid=91668194&t=l"">"
57335384,Rociletinib,C27H28F3N7O3,CC(=O)N1CCN(CC1)C2=CC(=C(C=C2)NC3=NC=C(C(=N3)NC4=CC(=CC=C4)NC(=O)C=C)C(F)(F)F)OC,"<img src=""https://pubchem.ncbi.nlm.nih.gov/image/imgsrv.fcgi?&cid=57335384&t=l"">"
70693519,Dacomitinib monohydrate,C24H27ClFN5O3,COC1=C(C=C2C(=C1)N=CN=C2NC3=CC(=C(C=C3)F)Cl)NC(=O)/C=C/CN4CCCCC4.O,"<img src=""https://pubchem.ncbi.nlm.nih.gov/image/imgsrv.fcgi?&cid=70693519&t=l"">"
6444692,Mubritinib,C25H23F3N4O2,C1=CC(=CC=C1CCCCN2C=CN=N2)OCC3=COC(=N3)/C=C/C4=CC=C(C=C4)C(F)(F)F,"<img src=""https://pubchem.ncbi.nlm.nih.gov/image/imgsrv.fcgi?&cid=6444692&t=l"">"
156413,Canertinib dihydrochloride,C24H27Cl3FN5O3,C=CC(=O)NC1=C(C=C2C(=C1)C(=NC=N2)NC3=CC(=C(C=C3)F)Cl)OCCCN4CCOCC4.Cl.Cl,"<img src=""https://pubchem.ncbi.nlm.nih.gov/image/imgsrv.fcgi?&cid=156413&t=l"">"
72703790,Nazartinib,C26H31ClN6O2,CC1=NC=CC(=C1)C(=O)NC2=NC3=C(N2[C@@H]4CCCCN(C4)C(=O)/C=C/CN(C)C)C(=CC=C3)Cl,"<img src=""https://pubchem.ncbi.nlm.nih.gov/image/imgsrv.fcgi?&cid=72703790&t=l"">"
72734520,Abivertinib,C26H26FN7O2,CN1CCN(CC1)C2=C(C=C(C=C2)NC3=NC4=C(C=CN4)C(=N3)OC5=CC=CC(=C5)NC(=O)C=C)F,"<img src=""https://pubchem.ncbi.nlm.nih.gov/image/imgsrv.fcgi?&cid=72734520&t=l"">"
156414,Canertinib,C24H25ClFN5O3,C=CC(=O)NC1=C(C=C2C(=C1)C(=NC=N2)NC3=CC(=C(C=C3)F)Cl)OCCCN4CCOCC4,"<img src=""https://pubchem.ncbi.nlm.nih.gov/image/imgsrv.fcgi?&cid=156414&t=l"">"
6918403,"4-(4-((1-phenylethyl)amino)-7H-pyrrolo(2,3-d)pyrimidin-6-yl)-phenol, R-",C20H18N4O,C[C@H](C1=CC=CC=C1)NC2=NC=NC3=C2C=C(N3)C4=CC=C(C=C4)O,"<img src=""https://pubchem.ncbi.nlm.nih.gov/image/imgsrv.fcgi?&cid=6918403&t=l"">"
71667668,Naquotinib,C30H42N8O3,CCC1=C(N=C(C(=N1)C(=O)N)NC2=CC=C(C=C2)N3CCC(CC3)N4CCN(CC4)C)O[C@@H]5CCN(C5)C(=O)C=C,"<img src=""https://pubchem.ncbi.nlm.nih.gov/image/imgsrv.fcgi?&cid=71667668&t=l"">"
117909640,"N-(3-(2-((2,3-Difluoro-4-(4-(2-hydroxyethyl)piperazin-1-yl)phenyl)amino)quinazolin-8-yl)phenyl)acrylamide",C29H28F2N6O2,C=CC(=O)NC1=CC=CC(=C1)C2=CC=CC3=CN=C(N=C32)NC4=C(C(=C(C=C4)N5CCN(CC5)CCO)F)F,"<img src=""https://pubchem.ncbi.nlm.nih.gov/image/imgsrv.fcgi?&cid=117909640&t=l"">"
25127713,Poziotinib,C23H21Cl2FN4O3,COC1=C(C=C2C(=C1)N=CN=C2NC3=C(C(=C(C=C3)Cl)Cl)F)OC4CCN(CC4)C(=O)C=C,"<img src=""https://pubchem.ncbi.nlm.nih.gov/image/imgsrv.fcgi?&cid=25127713&t=l"">"
24739943,Allitinib,C24H18ClFN4O2,C=CC(=O)NC1=CC2=C(C=C1)N=CN=C2NC3=CC(=C(C=C3)OCC4=CC(=CC=C4)F)Cl,"<img src=""https://pubchem.ncbi.nlm.nih.gov/image/imgsrv.fcgi?&cid=24739943&t=l"">"
24756910,Cudc-101,C24H26N4O4,COC1=C(C=C2C(=C1)N=CN=C2NC3=CC=CC(=C3)C#C)OCCCCCCC(=O)NO,"<img src=""https://pubchem.ncbi.nlm.nih.gov/image/imgsrv.fcgi?&cid=24756910&t=l"">"
10437018,"(S)-Morpholin-3-ylmethyl (4-((1-(3-fluorobenzyl)-1H-indazol-5-yl)amino)-5-methylpyrrolo[2,1-f][1,2,4]triazin-6-yl)carbamate",C27H27FN8O3,CC1=C2C(=NC=NN2C=C1NC(=O)OC[C@@H]3COCCN3)NC4=CC5=C(C=C4)N(N=C5)CC6=CC(=CC=C6)F,"<img src=""https://pubchem.ncbi.nlm.nih.gov/image/imgsrv.fcgi?&cid=10437018&t=l"">"
44609731,Icotinib Hydrochloride,C22H22ClN3O4,C#CC1=CC(=CC=C1)NC2=NC=NC3=CC4=C(C=C32)OCCOCCOCCO4.Cl,"<img src=""https://pubchem.ncbi.nlm.nih.gov/image/imgsrv.fcgi?&cid=44609731&t=l"">"
78209992,"(R)-4-((3-chloro-2-fluorophenyl)amino)-7-methoxyquinazolin-6-yl 2,4-dimethylpiperazine-1-carboxylate",C22H23ClFN5O3,C[C@@H]1CN(CCN1C(=O)OC2=C(C=C3C(=C2)C(=NC=N3)NC4=C(C(=CC=C4)Cl)F)OC)C,"<img src=""https://pubchem.ncbi.nlm.nih.gov/image/imgsrv.fcgi?&cid=78209992&t=l"">"
89670174,Beigene-283,C25H17F3N4O3,C1CC(=O)NC2=NC=CC(=C21)OC3=CC4=C(C=C3)O[C@H]5[C@@H]4[C@@H]5C6=NC7=C(N6)C=C(C=C7)C(F)(F)F,"<img src=""https://pubchem.ncbi.nlm.nih.gov/image/imgsrv.fcgi?&cid=89670174&t=l"">"
9549299,EGFR Inhibitor,C21H18F3N5O,C1CC1C(=O)NC2=CC=CC(=C2)NC3=NC=NC(=C3)NC4=CC=CC(=C4)C(F)(F)F,"<img src=""https://pubchem.ncbi.nlm.nih.gov/image/imgsrv.fcgi?&cid=9549299&t=l"">"
44607530,N-(3-(5-chloro-2-(2-methoxy-4-(4-methylpiperazin-1-yl)phenylamino)pyrimidin-4-yloxy)phenyl)acrylamide,C25H27ClN6O3,CN1CCN(CC1)C2=CC(=C(C=C2)NC3=NC=C(C(=N3)OC4=CC=CC(=C4)NC(=O)C=C)Cl)OC,"<img src=""https://pubchem.ncbi.nlm.nih.gov/image/imgsrv.fcgi?&cid=44607530&t=l"">"
154824631,Tuxobertinib,C29H29ClN6O4,C=CC(=O)NC1=C(C=C2C(=C1)C(=NC=N2)NC3=CC(=C(C=C3)OCC4=CC=CC=N4)Cl)OCCN5CCOCC5,"<img src=""https://pubchem.ncbi.nlm.nih.gov/image/imgsrv.fcgi?&cid=154824631&t=l"">"
146026179,Mobocertinib succinate,C36H45N7O8,CC(C)OC(=O)C1=CN=C(N=C1C2=CN(C3=CC=CC=C32)C)NC4=C(C=C(C(=C4)NC(=O)C=C)N(C)CCN(C)C)OC.C(CC(=O)O)C(=O)O,"<img src=""https://pubchem.ncbi.nlm.nih.gov/image/imgsrv.fcgi?&cid=146026179&t=l"">"
54759275,Theliatinib,C25H26N6O2,CN1CC[C@H]2[C@@H]1CN(C2)C(=O)NC3=C(C=C4C(=C3)C(=NC=N4)NC5=CC=CC(=C5)C#C)OC,"<img src=""https://pubchem.ncbi.nlm.nih.gov/image/imgsrv.fcgi?&cid=54759275&t=l"">"
139377809,Sunvozertinib,C29H35ClFN7O3,CC(C)(C1=CC(=C(C=C1NC2=NC(=NC=C2)NC3=C(C=C(C(=C3)NC(=O)C=C)N4CC[C@H](C4)N(C)C)OC)Cl)F)O,"<img src=""https://pubchem.ncbi.nlm.nih.gov/image/imgsrv.fcgi?&cid=139377809&t=l"">"
137321960,Abivertinib maleate,C30H34FN7O8,CN1CCN(CC1)C2=C(C=C(C=C2)NC3=NC4=C(C=CN4)C(=N3)OC5=CC=CC(=C5)NC(=O)C=C)F.C(=C\C(=O)O)\C(=O)O.O.O,"<img src=""https://pubchem.ncbi.nlm.nih.gov/image/imgsrv.fcgi?&cid=137321960&t=l"">"
117918742,"(S)-N-(4-amino-6-methyl-5-(quinolin-3-yl)-8,9-dihydropyrimido[5,4-b]indolizin-8-yl)acrylamide",C23H20N6O,CC1=C[C@@H](CN2C1=C(C3=C(N=CN=C32)N)C4=CC5=CC=CC=C5N=C4)NC(=O)C=C,"<img src=""https://pubchem.ncbi.nlm.nih.gov/image/imgsrv.fcgi?&cid=117918742&t=l"">"
118861389,Alflutinib,C28H31F3N8O2,CN1C=C(C2=CC=CC=C21)C3=NC(=NC=C3)NC4=C(N=C(C(=C4)NC(=O)C=C)N(C)CCN(C)C)OCC(F)(F)F,"<img src=""https://pubchem.ncbi.nlm.nih.gov/image/imgsrv.fcgi?&cid=118861389&t=l"">"
6711154,"5,6-Bis[(4-fluorophenyl)amino]-1H-isoindole-1,3(2H)-dione",C20H13F2N3O2,C1=CC(=CC=C1NC2=C(C=C3C(=C2)C(=O)NC3=O)NC4=CC=C(C=C4)F)F,"<img src=""https://pubchem.ncbi.nlm.nih.gov/image/imgsrv.fcgi?&cid=6711154&t=l"">"
118870,"2H-1-Benzopyran-2-one, 3-(2-benzoxazolyl)-7-(diethylamino)-",C20H18N2O3,CCN(CC)C1=CC2=C(C=C1)C=C(C(=O)O2)C3=NC4=CC=CC=C4O3,"<img src=""https://pubchem.ncbi.nlm.nih.gov/image/imgsrv.fcgi?&cid=118870&t=l"">"
6603857,"N6,N6-dimethyl-N4-[1-(phenylmethyl)-5-indazolyl]pyrido[3,4-d]pyrimidine-4,6-diamine",C23H21N7,CN(C)C1=NC=C2C(=C1)C(=NC=N2)NC3=CC4=C(C=C3)N(N=C4)CC5=CC=CC=C5,"<img src=""https://pubchem.ncbi.nlm.nih.gov/image/imgsrv.fcgi?&cid=6603857&t=l"">"
156538665,PA4Pth5HL9,C28H37FN6O3S,C[C@@H]1[C@H](CN1C2=C3C=NC(=CC3=C(C=C2)C(C)C)NC4=NC(=NC=C4)N5CC[C@H]([C@H](C5)F)OC)CS(=O)(=O)C,"<img src=""https://pubchem.ncbi.nlm.nih.gov/image/imgsrv.fcgi?&cid=156538665&t=l"">"
118912975,Rezivertinib,C27H30N6O3,CN1C=C(C2=CC=CC=C21)C3=NC(=NC=C3)NC4=CC(=C(C=C4OC)OCCN(C)C)NC(=O)C=C,"<img src=""https://pubchem.ncbi.nlm.nih.gov/image/imgsrv.fcgi?&cid=118912975&t=l"">"
86278355,Denintuzumab mafodotin,C52H83N7O13S,CC[C@H](C)[C@@H]([C@@H](CC(=O)N1CCC[C@H]1[C@@H]([C@@H](C)C(=O)N[C@@H](CC2=CC=CC=C2)C(=O)O)OC)OC)N(C)C(=O)[C@H](C(C)C)NC(=O)[C@H](C(C)C)N(C)C(=O)CCCCCN3C(=O)CC(C3=O)SC[C@@H](C(=O)O)N,"<img src=""https://pubchem.ncbi.nlm.nih.gov/image/imgsrv.fcgi?&cid=86278355&t=l"">"
131634510,Nazartinib mesylate trihydrate,C27H41ClN6O8S,CC1=NC=CC(=C1)C(=O)NC2=NC3=C(N2[C@@H]4CCCCN(C4)C(=O)/C=C/CN(C)C)C(=CC=C3)Cl.CS(=O)(=O)O.O.O.O,"<img src=""https://pubchem.ncbi.nlm.nih.gov/image/imgsrv.fcgi?&cid=131634510&t=l"">"
11700696,AV-412 Tosylate,C41H44ClFN6O7S2,CC1=CC=C(C=C1)S(=O)(=O)O.CC1=CC=C(C=C1)S(=O)(=O)O.CC(C)(C#CC1=CC2=C(C=C1NC(=O)C=C)C(=NC=N2)NC3=CC(=C(C=C3)F)Cl)N4CCN(CC4)C,"<img src=""https://pubchem.ncbi.nlm.nih.gov/image/imgsrv.fcgi?&cid=11700696&t=l"">"
4708,4-[(3-Bromophenyl)amino]-6-acrylamidoquinazoline,C17H13BrN4O,C=CC(=O)NC1=CC2=C(C=C1)N=CN=C2NC3=CC(=CC=C3)Br,"<img src=""https://pubchem.ncbi.nlm.nih.gov/image/imgsrv.fcgi?&cid=4708&t=l"">"
11566580,EGFR/ErbB-2/ErbB-4 Inhibitor,C17H11ClFN5O,CC#CC(=O)NC1=NC=C2C(=C1)C(=NC=N2)NC3=CC(=C(C=C3)F)Cl,"<img src=""https://pubchem.ncbi.nlm.nih.gov/image/imgsrv.fcgi?&cid=11566580&t=l"">"
9843206,EGFR/ErbB-2 Inhibitor,C23H21N3O3,COC1=C(C=C2C(=C1)C(=NC=N2)NC3=CC=C(C=C3)OCC4=CC=CC=C4)OC,"<img src=""https://pubchem.ncbi.nlm.nih.gov/image/imgsrv.fcgi?&cid=9843206&t=l"">"
78357783,Mutant EGFR inhibitor,C27H30ClN7O2,CN(C)CCN(C)C1=CC(=C(C=C1NC(=O)C=C)NC2=NC=C(C(=N2)C3=CNC4=CC=CC=C43)Cl)OC,"<img src=""https://pubchem.ncbi.nlm.nih.gov/image/imgsrv.fcgi?&cid=78357783&t=l"">"
146014465,Mutated EGFR-IN-3,C31H29FN4O2,CN1CCN(CC1)C2=CC=C(C=C2)OC3=CC4=C(C=C3)NC5=C(C=C(C=C5)F)N(C4=O)CC6=CC=CC=C6,"<img src=""https://pubchem.ncbi.nlm.nih.gov/image/imgsrv.fcgi?&cid=146014465&t=l"">"
92135932,Naquotinib mesylate,C31H46N8O6S,CCC1=C(N=C(C(=N1)C(=O)N)NC2=CC=C(C=C2)N3CCC(CC3)N4CCN(CC4)C)O[C@@H]5CCN(C5)C(=O)C=C.CS(=O)(=O)O,"<img src=""https://pubchem.ncbi.nlm.nih.gov/image/imgsrv.fcgi?&cid=92135932&t=l"">"
54767257,Poziotinib hydrochloride,C23H22Cl3FN4O3,COC1=C(C=C2C(=C1)N=CN=C2NC3=C(C(=C(C=C3)Cl)Cl)F)OC4CCN(CC4)C(=O)C=C.Cl,"<img src=""https://pubchem.ncbi.nlm.nih.gov/image/imgsrv.fcgi?&cid=54767257&t=l"">"
134828257,AST2818 mesylate,C29H35F3N8O5S,CN1C=C(C2=CC=CC=C21)C3=NC(=NC=C3)NC4=C(N=C(C(=C4)NC(=O)C=C)N(C)CCN(C)C)OCC(F)(F)F.CS(=O)(=O)O,"<img src=""https://pubchem.ncbi.nlm.nih.gov/image/imgsrv.fcgi?&cid=134828257&t=l"">"
16129168,N-(3-Ethynylphenyl)-7-methoxy-6-(3-(4-morpholinyl)propoxy)-4-quinazolinamine,C24H26N4O3,COC1=C(C=C2C(=C1)N=CN=C2NC3=CC=CC(=C3)C#C)OCCCN4CCOCC4,"<img src=""https://pubchem.ncbi.nlm.nih.gov/image/imgsrv.fcgi?&cid=16129168&t=l"">"
130412842,Befotertinib,C29H32F3N7O2,CN(C)CCN(C)C1=CC(=C(C=C1NC(=O)C=C)NC2=NC=CC(=N2)C3=CN(C4=CC=CC=C43)CC(F)(F)F)OC,"<img src=""https://pubchem.ncbi.nlm.nih.gov/image/imgsrv.fcgi?&cid=130412842&t=l"">"
86303858,Egfr-IN-1,C28H30N6O4,CC1=CC(=O)N(C2=NC(=NC=C12)NC3=C(C=C(C=C3)OCCN(C)C)OC)C4=CC=CC(=C4)NC(=O)C=C,"<img src=""https://pubchem.ncbi.nlm.nih.gov/image/imgsrv.fcgi?&cid=86303858&t=l"">"
46212970,Egfr-IN-9,C29H24N4O3,C=CC(=O)NC1=CC=CC(=C1)C2=C(OC3=NC=NC(=C23)N[C@H](CO)C4=CC=CC=C4)C5=CC=CC=C5,"<img src=""https://pubchem.ncbi.nlm.nih.gov/image/imgsrv.fcgi?&cid=46212970&t=l"">"
163388532,EGFR inhibitor 57,C37H37F2N7O2S,CC1=C(C=C(C2=CN(N=C12)C(C3=C4CCC5(N4C=N3)CC5)C(=O)NC6=NC=CS6)C(F)F)C#CC7=CC=C(C=C7)CN8CCC(CC8)CO,"<img src=""https://pubchem.ncbi.nlm.nih.gov/image/imgsrv.fcgi?&cid=163388532&t=l"">"
46861540,Bibx 1382 dihydrochloride,C18H21Cl3FN7,CN1CCC(CC1)NC2=NC=C3C(=N2)C(=NC=N3)NC4=CC(=C(C=C4)F)Cl.Cl.Cl,"<img src=""https://pubchem.ncbi.nlm.nih.gov/image/imgsrv.fcgi?&cid=46861540&t=l"">"
5328763,"(E)-2-benzoyl-3-(3,4-dihydroxyphenyl)prop-2-enenitrile",C16H11NO3,C1=CC=C(C=C1)C(=O)/C(=C/C2=CC(=C(C=C2)O)O)/C#N,"<img src=""https://pubchem.ncbi.nlm.nih.gov/image/imgsrv.fcgi?&cid=5328763&t=l"">"
135379897,Epitinib succinate,C28H32N6O6,CCN1CCN(CC1)C(=O)NC2=C(C=C3C(=C2)C(=NC=N3)NC4=CC=CC(=C4)C#C)OC.C(CC(=O)O)C(=O)O,"<img src=""https://pubchem.ncbi.nlm.nih.gov/image/imgsrv.fcgi?&cid=135379897&t=l"">"
138911391,Egfr-IN-7,C32H41BrN9O2P,CC1=CC(=C(C=C1N2CCC(CC2)N3CCN(CC3)C)OC)NC4=NC=C(C(=N4)NC5=C(C6=NC=CN=C6C=C5)P(=O)(C)C)Br,"<img src=""https://pubchem.ncbi.nlm.nih.gov/image/imgsrv.fcgi?&cid=138911391&t=l"">"
129627019,"HER2/EGFR dual kinase inhibitor, 5d",C26H21FN6,C1C(C(C(=NC1C2=CC=C(C=C2)NC3=NC=NC4=CC=CC=C43)N)C#N)C5=CC=C(C=C5)F,"<img src=""https://pubchem.ncbi.nlm.nih.gov/image/imgsrv.fcgi?&cid=129627019&t=l"">"
139035057,Egfr-IN-8,C32H23ClF3N7O4,C1CC1C(=O)NC2=C(C=C(C=C2)NC(=O)NC3=CC=CC(=C3)C4=NC(=NO4)C5=C(C=C(C=C5)NC(=O)C6=CN=CC=C6)Cl)C(F)(F)F,"<img src=""https://pubchem.ncbi.nlm.nih.gov/image/imgsrv.fcgi?&cid=139035057&t=l"">"
141464430,Egfr-IN-55,C25H25Cl2N7O2,CC(=O)N1CCN(CC1)C2=CC=C(C=C2)NC3=NC=C(C(=N3)NC4=CC(=CC=C4)NC(=O)C(=C)Cl)Cl,"<img src=""https://pubchem.ncbi.nlm.nih.gov/image/imgsrv.fcgi?&cid=141464430&t=l"">"
162667990,PROTAC EGFR degrader 6,C49H57FN12O5,C1CC(=O)NC(=O)C1N2CC3=C(C2=O)C=CC=C3NC(=O)CCCCCCCN4CCN(CC4)C5=CN=C(C=C5)NC6=NC=C7C(=C6)C(=NC(=N7)NC8=CC=C(C=C8)F)N9CCC(CC9)CO,"<img src=""https://pubchem.ncbi.nlm.nih.gov/image/imgsrv.fcgi?&cid=162667990&t=l"">"
72713387,Egfr-IN-40,C23H20N6O3,CC1=NC2=CN=C(N=C2N(C1=O)C3=CC=CC(=C3)NC(=O)C=C)NC4=CC=C(C=C4)OC,"<img src=""https://pubchem.ncbi.nlm.nih.gov/image/imgsrv.fcgi?&cid=72713387&t=l"">"
78358313,Mutated EGFR-IN-1,C25H31N7O,CN1C=C(C2=CC=CC=C21)C3=NC(=NC=C3)NC4=C(C=C(C(=C4)N)N(C)CCN(C)C)OC,"<img src=""https://pubchem.ncbi.nlm.nih.gov/image/imgsrv.fcgi?&cid=78358313&t=l"">"
118900298,Egfr/her2-IN-4,C24H27ClFN5O3,CCOCCOC1=C(C=C2C(=C1)N=CN=C2NC3=CC(=C(C=C3)F)Cl)NC(=O)/C=C/CN(C)C,"<img src=""https://pubchem.ncbi.nlm.nih.gov/image/imgsrv.fcgi?&cid=118900298&t=l"">"
127264586,Chmfl-egfr-202,C25H24ClN7O2,C=CC(=O)N1CCC[C@H](C1)N2C3=NC=NC(=C3C(=N2)C4=CC(=C(C=C4)OCC5=CC=CC=N5)Cl)N,"<img src=""https://pubchem.ncbi.nlm.nih.gov/image/imgsrv.fcgi?&cid=127264586&t=l"">"
155923038,Sutetinib maleate,C30H29N5O6,CCOC1=C(C=C2C(=C1)N=CC(=C2NC3=CC=CC(=C3)C#C)C#N)NC(=O)/C=C/CN(C)C.C(=C\C(=O)O)\C(=O)O,"<img src=""https://pubchem.ncbi.nlm.nih.gov/image/imgsrv.fcgi?&cid=155923038&t=l"">"
134817166,mutant EGFR inhibitor B30,C31H38FN9O,CN(C)C1CCN(CC1)C2=CN=C(C=C2)NC3=NC=C4C(=C3)C(=NC(=N4)NC5=CC=C(C=C5)F)N6CCC(CC6)CO,"<img src=""https://pubchem.ncbi.nlm.nih.gov/image/imgsrv.fcgi?&cid=134817166&t=l"">"
162663491,Egfr-IN-56,C23H22N4O3S,COC1=CC=C(C=C1)NC2=NC3=C(CSCC3)C(=N2)OC4=CC=CC(=C4)NC(=O)C=C,"<img src=""https://pubchem.ncbi.nlm.nih.gov/image/imgsrv.fcgi?&cid=162663491&t=l"">"
162640905,Egfr/csc-IN-1,C54H54Cl2FN7O7S2,CS(=O)(=O)CCN(CC1=CC=C(O1)C2=CC3=C(C=C2)N=CN=C3NC4=CC(=C(C=C4)OCC5=CC(=CC=C5)F)Cl)C(=O)CCC(=O)OCCN6CCN(CC6)CCCN7C8=CC=CC=C8SC9=C7C=C(C=C9)Cl,"<img src=""https://pubchem.ncbi.nlm.nih.gov/image/imgsrv.fcgi?&cid=162640905&t=l"">"
117685125,Egfr/her2-IN-9,C25H25ClFN5O4,COC1=C(C=C2C(=C1)N=CN=C2NC3=CC(=C(C=C3)F)Cl)NC(=O)/C=C/CN4C[C@@H]5[C@H](C4)OCCO5,"<img src=""https://pubchem.ncbi.nlm.nih.gov/image/imgsrv.fcgi?&cid=117685125&t=l"">"
138911325,EGFR mutant-IN-1,C34H39ClFN7O2,CCC(=O)N1CCC[C@H](C1)N2C3=NC(=NC=C3C(=C(C2=O)C4=C(C(=CC=C4)F)Cl)C)NC5=CC(=C(C=C5)N6CCN(CC6)C)C,"<img src=""https://pubchem.ncbi.nlm.nih.gov/image/imgsrv.fcgi?&cid=138911325&t=l"">"
145712397,Egfr-IN-11,C29H35N9O2S,CN1CCN(CC1)C2=CC=C(C=C2)NC3=NC=C4C(=N3)N(C(=N4)NC5=CC=CC=C5)[C@@H]6CCN(C6)S(=O)(=O)C7CC7,"<img src=""https://pubchem.ncbi.nlm.nih.gov/image/imgsrv.fcgi?&cid=145712397&t=l"">"
151183629,Egfr-IN-69,C31H37Cl2N7O3S,CCS(=O)(=O)N1C=C(C2=CC=CC=C21)C3=NC(=NC=C3Cl)NC4=CC(=C(C=C4OC)N5CCC(CC5)N6CCN(CC6)C)Cl,"<img src=""https://pubchem.ncbi.nlm.nih.gov/image/imgsrv.fcgi?&cid=151183629&t=l"">"
163196376,PROTAC EGFR degrader 2,C58H72ClFN12O8S,CC1=C(SC=N1)C2=CC=C(C=C2)CNC(=O)[C@@H]3C[C@H](CN3C(=O)[C@H](C(C)(C)C)NC(=O)COCCOCCN4C=C(N=N4)CCCCCOC5=C(C=C6C(=C5)N=CN=C6NC7=CC(=C(C=C7)F)Cl)NC(=O)/C=C/CN8CCCCC8)O,"<img src=""https://pubchem.ncbi.nlm.nih.gov/image/imgsrv.fcgi?&cid=163196376&t=l"">"
121595975,"2-[1-[1-[(2~{s})-Butan-2-Yl]-6-[[2-(1-Cyclopropylsulfonylpyrazol-4-Yl)pyrimidin-4-Yl]amino]pyrazolo[4,3-C]pyridin-3-Yl]azetidin-3-Yl]propan-2-Ol",C26H33N9O3S,CC[C@H](C)N1C2=CC(=NC=C2C(=N1)N3CC(C3)C(C)(C)O)NC4=NC(=NC=C4)C5=CN(N=C5)S(=O)(=O)C6CC6,"<img src=""https://pubchem.ncbi.nlm.nih.gov/image/imgsrv.fcgi?&cid=121595975&t=l"">"
162679548,Egfr-IN-42,C49H53ClFN5O5,CC/C(=C(\C1=CC=C(C=C1)O)/C2=CC=C(C=C2)OCCN(C)CCCCCC(=O)NCCCOC3=C(C=C4C(=C3)C(=NC=N4)NC5=CC(=C(C=C5)F)Cl)OC)/C6=CC=CC=C6,"<img src=""https://pubchem.ncbi.nlm.nih.gov/image/imgsrv.fcgi?&cid=162679548&t=l"">"
162664546,Egfr-IN-51,C21H15N3O2S,C1OC2=C(O1)C=C(C=C2)NC(=S)NC3=C4C=CC=CC4=NC5=CC=CC=C53,"<img src=""https://pubchem.ncbi.nlm.nih.gov/image/imgsrv.fcgi?&cid=162664546&t=l"">"
162643526,Egfr-IN-53,C14H13N3O2S,C1OC2=C(O1)C=C(C=C2)NC(=S)NNC3=CC=CC=C3,"<img src=""https://pubchem.ncbi.nlm.nih.gov/image/imgsrv.fcgi?&cid=162643526&t=l"">"
162663118,Egfr-IN-50,C24H26BrN3O4S2,COC1=C(C=C2C(=C1)C(=NC=N2)NC3=CC(=CC=C3)Br)OCCCOC(=O)CCSSCC=C,"<img src=""https://pubchem.ncbi.nlm.nih.gov/image/imgsrv.fcgi?&cid=162663118&t=l"">"
162669174,Egfr-IN-49,C22H15N5O2S,C=CC(=O)NC1=CC(=CC=C1)OC2=NC(=NC3=C2SC=C3)NC4=CC=CC(=C4)C#N,"<img src=""https://pubchem.ncbi.nlm.nih.gov/image/imgsrv.fcgi?&cid=162669174&t=l"">"
162677080,Egfr-IN-54,C17H14N4O4S3,C1OC2=C(O1)C=C(C=C2)NC(=S)NC3=CC=C(C=C3)S(=O)(=O)NC4=NC=CS4,"<img src=""https://pubchem.ncbi.nlm.nih.gov/image/imgsrv.fcgi?&cid=162677080&t=l"">"
162647755,PROTAC EGFR degrader 4,C55H70N12O4S,CC1=C(SC=N1)C2=CC=C(C=C2)CNC(=O)[C@@H]3C[C@H](CN3C(=O)[C@H](C(C)(C)C)NC(=O)CCCCCCN4CCN(CC4)C5=CC=C(C=C5)NC6=NC=C7C(=N6)N(C(=N7)NC8=CC=CC=C8)C9CCCC9)O,"<img src=""https://pubchem.ncbi.nlm.nih.gov/image/imgsrv.fcgi?&cid=162647755&t=l"">"
24768165,"4-[(2S)-2-{[(1S,2R)-1-{[(1S)-2-carbamoyl-1-{[(1S)-3-carbamoyl-1-{[(1S)-1-{[(1S)-1-carbamoyl-2-methylpropyl]carbamoyl}-2-hydroxyethyl]carbamoyl}propyl]carbamoyl}ethyl]carbamoyl}-2-methylbutyl]carbamoyl}-2-acetamidoethyl]phenoxyphosphonic acid",C34H54N9O14P,CCC(C)[C@@H](C(=O)N[C@@H](CC(=O)N)C(=O)N[C@@H](CCC(=O)N)C(=O)N[C@@H](CO)C(=O)N[C@@H](C(C)C)C(=O)N)NC(=O)[C@H](CC1=CC=C(C=C1)OP(=O)(O)O)NC(=O)C,"<img src=""https://pubchem.ncbi.nlm.nih.gov/image/imgsrv.fcgi?&cid=24768165&t=l"">"
2140690,"1-(1,3-Benzodioxol-5-yl)-3-(1,5-dimethyl-3-oxo-2-phenylpyrazol-4-yl)thiourea",C19H18N4O3S,CC1=C(C(=O)N(N1C)C2=CC=CC=C2)NC(=S)NC3=CC4=C(C=C3)OCO4,"<img src=""https://pubchem.ncbi.nlm.nih.gov/image/imgsrv.fcgi?&cid=2140690&t=l"">"
24768166,4-[(2S)-2-{[(1S)-1-{[(1S)-2-carbamoyl-1-{[(2S)-4-carbamoyl-1-[(2S)-2-{[(1S)-1-carbamoyl-3-methylbutyl]carbamoyl}pyrrolidin-1-yl]-1-oxobutan-2-yl]carbamoyl}ethyl]carbamoyl}-2-(1H-imidazol-4-yl)ethyl]carbamoyl}-2-acetamidoethyl]phenoxyphosphonic acid,C37H54N11O13P,CC(C)C[C@@H](C(=O)N)NC(=O)[C@@H]1CCCN1C(=O)[C@H](CCC(=O)N)NC(=O)[C@H](CC(=O)N)NC(=O)[C@H](CC2=CN=CN2)NC(=O)[C@H](CC3=CC=C(C=C3)OP(=O)(O)O)NC(=O)C,"<img src=""https://pubchem.ncbi.nlm.nih.gov/image/imgsrv.fcgi?&cid=24768166&t=l"">"
122173919,Olmutinib hydrochloride,C26H28Cl2N6O2S,CN1CCN(CC1)C2=CC=C(C=C2)NC3=NC4=C(C(=N3)OC5=CC=CC(=C5)NC(=O)C=C)SC=C4.Cl.Cl,"<img src=""https://pubchem.ncbi.nlm.nih.gov/image/imgsrv.fcgi?&cid=122173919&t=l"">"
44194962,NRC-2694 dihydrochloride,C24H28Cl2N4O3,COC1=C(C=C2C(=C1)N=CN=C2NC3=CC=CC(=C3)C#C)OCCCN4CCOCC4.Cl.Cl,"<img src=""https://pubchem.ncbi.nlm.nih.gov/image/imgsrv.fcgi?&cid=44194962&t=l"">"
44194961,NRC-2694 hydrochloride,C24H27ClN4O3,COC1=C(C=C2C(=C1)N=CN=C2NC3=CC=CC(=C3)C#C)OCCCN4CCOCC4.Cl,"<img src=""https://pubchem.ncbi.nlm.nih.gov/image/imgsrv.fcgi?&cid=44194961&t=l"">"
71722042,Selatinib ditosilate,C43H42ClFN4O9S3,CC1=CC=C(C=C1)S(=O)(=O)O.CC1=CC=C(C=C1)S(=O)(=O)O.CS(=O)CCNCC1=CC=C(O1)C2=CC3=C(C=C2)N=CN=C3NC4=CC(=C(C=C4)OCC5=CC(=CC=C5)F)Cl,"<img src=""https://pubchem.ncbi.nlm.nih.gov/image/imgsrv.fcgi?&cid=71722042&t=l"">"
44225877,Varlitinib tosylate,C36H35ClN6O8S3,C[C@@H]1COC(=N1)NC2=CC3=C(C=C2)N=CN=C3NC4=CC(=C(C=C4)OCC5=NC=CS5)Cl.CC1=CC=C(C=C1)S(=O)(=O)O.CC1=CC=C(C=C1)S(=O)(=O)O,"<img src=""https://pubchem.ncbi.nlm.nih.gov/image/imgsrv.fcgi?&cid=44225877&t=l"">"
129627020,"HER2/EGFR dual kinase inhibitor, 5e",C28H25BrN6O2,COC1=C(C=C2C(=C1)C(=NC=N2)NC3=CC=C(C=C3)C4CC(C(C(=N4)N)C#N)C5=CC=C(C=C5)Br)OC,"<img src=""https://pubchem.ncbi.nlm.nih.gov/image/imgsrv.fcgi?&cid=129627020&t=l"">"
76900441,"HER2/EGFR dual kinase inhibitor, 7e",C25H20ClN3O3,COC1=C(C=C2C(=C1)C(=NC=N2)NC3=CC=C(C=C3)C(=O)/C=C/C4=CC=C(C=C4)Cl)OC,"<img src=""https://pubchem.ncbi.nlm.nih.gov/image/imgsrv.fcgi?&cid=76900441&t=l"">"
126649709,Mutated EGFR-IN-2,C29H35FN8O3,CC(C)N1C2=C(C=CC(=C2)F)N(C1=O)C3=NC(=NC=C3)NC4=C(C=C(C(=C4)NC(=O)C=C)N(C)CCN(C)C)OC,"<img src=""https://pubchem.ncbi.nlm.nih.gov/image/imgsrv.fcgi?&cid=126649709&t=l"">"
126496758,EGFR-HER2 Ex20Ins inhibitor 1a,C25H22FN7O3,CN1C=C(C=N1)NC2=NC=CC(=N2)N(C3=CC=CC(=C3)NC(=O)C=C)C(=O)OCC4=CC=C(C=C4)F,"<img src=""https://pubchem.ncbi.nlm.nih.gov/image/imgsrv.fcgi?&cid=126496758&t=l"">"
162669709,PROTAC EGFR degrader 5,C57H72FN13O5S,CC1=C(SC=N1)C2=CC=C(C=C2)CNC(=O)[C@@H]3C[C@H](CN3C(=O)[C@H](C(C)(C)C)NC(=O)CCCCCCN4CCN(CC4)C5=CN=C(C=C5)NC6=NC=C7C(=C6)C(=NC(=N7)NC8=CC=C(C=C8)F)N9CCC(CC9)CO)O,"<img src=""https://pubchem.ncbi.nlm.nih.gov/image/imgsrv.fcgi?&cid=162669709&t=l"">"
156853935,Egfr-IN-31,C32H36FN7O2,CC1=CC=C(C=C1)NC2=NC(=NC=C2C3=CC=C(C=C3)F)NC4=C(C=C(C(=C4)NC(=O)C=C)N(C)CCN(C)C)OC,"<img src=""https://pubchem.ncbi.nlm.nih.gov/image/imgsrv.fcgi?&cid=156853935&t=l"">"
156695922,Egfr-IN-22,C38H47BrFN10O2P,CC(C)(CF)N1CCC2(CCN(CC2)C3=CC(=C(C=C3C4=CN(N=C4)C)NC5=NC=C(C(=N5)NC6=C(C7=NC=CN=C7C=C6)P(=O)(C)C)Br)OC)CC1,"<img src=""https://pubchem.ncbi.nlm.nih.gov/image/imgsrv.fcgi?&cid=156695922&t=l"">"
118900273,Egfr/her2-IN-5,C30H33ClN6O4,CCOCCOC1=C(C=C2C(=C1)N=CN=C2NC3=CC(=C(C=C3)OCC4=CC=CC=N4)Cl)NC(=O)/C=C/CN(C)C,"<img src=""https://pubchem.ncbi.nlm.nih.gov/image/imgsrv.fcgi?&cid=118900273&t=l"">"
163196257,Egfr-IN-24,C30H35FN6O3,CC1=CC(=C(C(=N1)C2=C(C=CN=C2)OC)F)C(=O)NC3=NC4=C(N3CC(C)(C)O)C=CC(=C4)C5CCN(CC5)C,"<img src=""https://pubchem.ncbi.nlm.nih.gov/image/imgsrv.fcgi?&cid=163196257&t=l"">"
162394926,Egfr-IN-58,C31H30FN7O,CN1CCN(CC1)C2=CC=C(C=C2)NC(=O)C3=CN=CN=C3NC4=CC5=C(C=C4)N(C=C5)CC6=CC(=CC=C6)F,"<img src=""https://pubchem.ncbi.nlm.nih.gov/image/imgsrv.fcgi?&cid=162394926&t=l"">"
139448024,Egfr-IN-26,C29H34N6O3,CC(C)(CN1C2=C(C=C(C=C2)C3CCN(CC3)C)N=C1NC(=O)C4=CC(=NC=C4)C5=C(C=CN=C5)OC)O,"<img src=""https://pubchem.ncbi.nlm.nih.gov/image/imgsrv.fcgi?&cid=139448024&t=l"">"
162640600,Egfr-IN-17,C27H31ClN7O3P,CN1C=C(C=N1)C2=CC(=C(C=C2N3CCOCC3)OC)NC4=NC=C(C(=N4)NC5=CC=CC=C5P(=O)(C)C)Cl,"<img src=""https://pubchem.ncbi.nlm.nih.gov/image/imgsrv.fcgi?&cid=162640600&t=l"">"
135157094,Egfr protac,C57H61ClFN7O9S,CC1=C(SC=N1)C2=CC=C(C=C2)CNC(=O)[C@@H]3C[C@H](CN3C(=O)[C@H](C(C)(C)C)NC(=O)COCCOCCOCCOC4=CC=C(C=C4)C5=CC6=C(C=C5)N=CN=C6NC7=CC(=C(C=C7)OCC8=CC(=CC=C8)F)Cl)O,"<img src=""https://pubchem.ncbi.nlm.nih.gov/image/imgsrv.fcgi?&cid=135157094&t=l"">"
156071569,Egfr-IN-76,C30H30ClFN6O2,CN1C[C@H]2C[C@]2(C1)C#CC3=CC4=C(C=C3NC(=O)/C=C/CN5CCOCC5)C(=NC=N4)NC6=C(C(=CC=C6)Cl)F,"<img src=""https://pubchem.ncbi.nlm.nih.gov/image/imgsrv.fcgi?&cid=156071569&t=l"">"
155818893,"N-(3-{5-[2-(acetylamino)pyridin-4-yl]-2-(methylsulfanyl)-1H-imidazol-4-yl}phenyl)-2-[(1-oxo-1,3-dihydro-2H-isoindol-2-yl)methyl]benzamide",C33H28N6O3S,CC(=O)NC1=NC=CC(=C1)C2=C(N=C(N2)SC)C3=CC(=CC=C3)NC(=O)C4=CC=CC=C4CN5CC6=CC=CC=C6C5=O,"<img src=""https://pubchem.ncbi.nlm.nih.gov/image/imgsrv.fcgi?&cid=155818893&t=l"">"
162368359,Almonertinib mesylate,C31H39N7O5S,CN(C)CCN(C)C1=CC(=C(C=C1NC(=O)C=C)NC2=NC=CC(=N2)C3=CN(C4=CC=CC=C43)C5CC5)OC.CS(=O)(=O)O,"<img src=""https://pubchem.ncbi.nlm.nih.gov/image/imgsrv.fcgi?&cid=162368359&t=l"">"
154573746,Egfr-IN-1 (tfa),C30H31F3N6O6,CC1=CC(=O)N(C2=NC(=NC=C12)NC3=C(C=C(C=C3)OCCN(C)C)OC)C4=CC=CC(=C4)NC(=O)C=C.C(=O)(C(F)(F)F)O,"<img src=""https://pubchem.ncbi.nlm.nih.gov/image/imgsrv.fcgi?&cid=154573746&t=l"">"
163196259,Egfr-IN-27,C35H46N9O2P,CCC1=CC(=C(C=C1N2CCC(CC2)N3CCN(CC3)C)OC)NC4=NC=C(C(=N4)NC5=C(C6=NC=CN=C6C=C5)P(=O)(C)C)C=C,"<img src=""https://pubchem.ncbi.nlm.nih.gov/image/imgsrv.fcgi?&cid=163196259&t=l"">"
156431353,Egfr-IN-21,C36H44BrN10O2P,CN1CCN(CC1)C2CCN(CC2)C3=CC(=C(C=C3C4=CN(N=C4)C)NC5=NC=C(C(=N5)NC6=C(C7=CC=CC=C7N=C6)P(=O)(C)C)Br)OC,"<img src=""https://pubchem.ncbi.nlm.nih.gov/image/imgsrv.fcgi?&cid=156431353&t=l"">"
156853993,Egfr-IN-36,C26H25ClN6O2,C=CC(=O)N1CCCC(C1)C2=CC(=C3N2N=CN=C3N)C4=CC(=C(C=C4)OCC5=CC=CC=N5)Cl,"<img src=""https://pubchem.ncbi.nlm.nih.gov/image/imgsrv.fcgi?&cid=156853993&t=l"">"
53012917,Egfr/her2-IN-2,C26H23N5O3,CCOC1=CC=CC=C1CNC2=NC(=NC3=CC=CC=C32)C4=NN=C(O4)C5=CC=C(C=C5)OC,"<img src=""https://pubchem.ncbi.nlm.nih.gov/image/imgsrv.fcgi?&cid=53012917&t=l"">"
155813973,Egfr-IN-59,C27H23N5O4S,CC1=CC(=NO1)NS(=O)(=O)C2=CC=C(C=C2)NC3=NC(=NC4=CC=CC=C43)/C=C/C5=CC=C(C=C5)OC,"<img src=""https://pubchem.ncbi.nlm.nih.gov/image/imgsrv.fcgi?&cid=155813973&t=l"">"
162513220,PROTAC EGFR degrader 3,C60H77N13O5S,CC1=C(SC=N1)C2=CC=C(C=C2)[C@H](C)NC(=O)[C@@H]3C[C@H](CN3C(=O)[C@H](C(C)(C)C)NC(=O)CCCCCCCN4CCN(CC4)C5=CC=C(C=C5)NC6=NC=C7C(=N6)N(C(=N7)NC8=CC=CC=C8)[C@H]9CCCN(C9)C(=O)C=C)O,"<img src=""https://pubchem.ncbi.nlm.nih.gov/image/imgsrv.fcgi?&cid=162513220&t=l"">"
118797290,EGFRInhibitorIII,C16H8Cl3FN4O,C1=CC2=C(C=C1NC(=O)[C]Cl)C(=NC=N2)NC3=CC(=C(C=C3F)Cl)Cl,"<img src=""https://pubchem.ncbi.nlm.nih.gov/image/imgsrv.fcgi?&cid=118797290&t=l"">"
17747413,Jnj 28871063 hydrochloride,C24H28Cl2N6O3,C1COCCN1CCO/N=C/C2=C(N=CN=C2NC3=CC(=C(C=C3)OCC4=CC=CC=C4)Cl)N.Cl,"<img src=""https://pubchem.ncbi.nlm.nih.gov/image/imgsrv.fcgi?&cid=17747413&t=l"">"
156853872,Egfr-IN-32,C31H34N6O3,CN(C)CCN(C)C1=CC(=C(C=C1NC(=O)C=C)NC2=NC=CC(=N2)C3=CC=CC=C3OC4=CC=CC=C4)OC,"<img src=""https://pubchem.ncbi.nlm.nih.gov/image/imgsrv.fcgi?&cid=156853872&t=l"">"
156854004,Egfr-IN-35,C25H24ClN7O2,C=CC(=O)N1CCC[C@H](C1)C2=NC(=C3N2N=CN=C3N)C4=CC(=C(C=C4)OCC5=CC=CC=N5)Cl,"<img src=""https://pubchem.ncbi.nlm.nih.gov/image/imgsrv.fcgi?&cid=156854004&t=l"">"
156854016,Egfr-IN-37,C26H25ClN6O2,C=CC(=O)N1CCC[C@H](C1)C2=NC(=C3N2C=CN=C3N)C4=CC(=C(C=C4)OCC5=CC=CC=N5)Cl,"<img src=""https://pubchem.ncbi.nlm.nih.gov/image/imgsrv.fcgi?&cid=156854016&t=l"">"
163322288,Egfr-IN-46,C27H32F3N3O3,CN1CCC(CC1)NCCCOC2=CC(=NC3=CC(=C(C=C32)OC)OC)C4=CC=C(C=C4)C(F)(F)F,"<img src=""https://pubchem.ncbi.nlm.nih.gov/image/imgsrv.fcgi?&cid=163322288&t=l"">"
163196258,Egfr-IN-25,C34H43N9O2,CN1CCN(CC1)C2CCN(CC2)C3=CC=C(C=C3)NC4=NC(=C(N=C4C(=O)N)C5=C6C=CNC6=CC=C5)NC7CCOCC7,"<img src=""https://pubchem.ncbi.nlm.nih.gov/image/imgsrv.fcgi?&cid=163196258&t=l"">"
163322305,Egfr-IN-43,C50H55ClFN5O5,CC/C(=C(\C1=CC=C(C=C1)O)/C2=CC=C(C=C2)OCCN(C)CCCCCCC(=O)NCCCOC3=C(C=C4C(=C3)C(=NC=N4)NC5=CC(=C(C=C5)F)Cl)OC)/C6=CC=CC=C6,"<img src=""https://pubchem.ncbi.nlm.nih.gov/image/imgsrv.fcgi?&cid=163322305&t=l"">"
156854006,Egfr-IN-38,C25H24ClN7O2,C=CC(=O)N1CCCC(C1)C2=NN(C3=C2N=CN=C3N)C4=CC(=C(C=C4)OCC5=CC=CC=N5)Cl,"<img src=""https://pubchem.ncbi.nlm.nih.gov/image/imgsrv.fcgi?&cid=156854006&t=l"">"
156853992,Egfr-IN-33,C26H25ClN6O2,C=CC(=O)N1CCCC(C1)C2=CN(C3=C2N=CN=C3N)C4=CC(=C(C=C4)OCC5=CC=CC=N5)Cl,"<img src=""https://pubchem.ncbi.nlm.nih.gov/image/imgsrv.fcgi?&cid=156853992&t=l"">"
156854008,Egfr-IN-39,C24H25ClN6O3,C=CC(=O)N1CCCC(C1)C2=NN(C(=C2N)C(=O)N)C3=CC(=C(C=C3)OCC4=CC=CC=N4)Cl,"<img src=""https://pubchem.ncbi.nlm.nih.gov/image/imgsrv.fcgi?&cid=156854008&t=l"">"
163322022,Egfr-IN-48,C35H47BrN9O4PS,CCC1=CC(=C(C=C1N2CCC(CC2)N3CCN(CC3)CCS(=O)(=O)C)OC)NC4=NC=C(C(=N4)NC5=C(C6=NC=CN=C6C=C5)P(=O)(C)C)Br,"<img src=""https://pubchem.ncbi.nlm.nih.gov/image/imgsrv.fcgi?&cid=163322022&t=l"">"
134826780,[pTyr5] EGFR (988-993),C31H45N6O17P,C[C@@H](C(=O)N[C@@H](CC(=O)O)C(=O)N[C@@H](CCC(=O)O)C(=O)N[C@@H](CC1=CC=C(C=C1)OP(=O)(O)O)C(=O)N[C@@H](CC(C)C)C(=O)O)NC(=O)[C@H](CC(=O)O)N,"<img src=""https://pubchem.ncbi.nlm.nih.gov/image/imgsrv.fcgi?&cid=134826780&t=l"">"
146673164,[pTyr5] EGFR (988-993) (TFA),C33H46F3N6O19P,C[C@@H](C(=O)N[C@@H](CC(=O)O)C(=O)N[C@@H](CCC(=O)O)C(=O)N[C@@H](CC1=CC=C(C=C1)OP(=O)(O)O)C(=O)N[C@@H](CC(C)C)C(=O)O)NC(=O)[C@H](CC(=O)O)N.C(=O)(C(F)(F)F)O,"<img src=""https://pubchem.ncbi.nlm.nih.gov/image/imgsrv.fcgi?&cid=146673164&t=l"">"
146180757,Egfr/C797S-IN-1,C28H30N4O3,CN1CCC(CC1)COC2=C(C=C3C(=C2)N=CN=C3NC4=CC=C(C=C4)OC5=CC=CC=C5)OC,"<img src=""https://pubchem.ncbi.nlm.nih.gov/image/imgsrv.fcgi?&cid=146180757&t=l"">"
164886603,Egfr/her2/TS-IN-2,C26H21N7OS2,CC1=CC2=C(C=C1)N=C(S2)NC(=O)CSC3=NC(=C(C(=N3)N4C(=CC(=N4)C)C)C#N)C5=CC=CC=C5,"<img src=""https://pubchem.ncbi.nlm.nih.gov/image/imgsrv.fcgi?&cid=164886603&t=l"">"
165413013,PROTAC PARP/EGFR ligand 1,C53H56ClF2N9O8,COC1=C(C=C2C(=C1)N=CN=C2NC3=CC(=C(C=C3)F)Cl)OCCCCCC(=O)N[C@@H](COCC#C)C(=O)NCCCCCC(=O)N4CCN(CC4)C(=O)C5=C(C=CC(=C5)CC6=NNC(=O)C7=CC=CC=C76)F,"<img src=""https://pubchem.ncbi.nlm.nih.gov/image/imgsrv.fcgi?&cid=165413013&t=l"">"
166177024,Egfr-IN-74,C32H28BrF3N6O4S,CCOC(=O)C1=C(C2=C(C=CC(=C2)Br)N=C1N3C=CN=C3)N4CCN(CC4)C5=CC=CC=C5NS(=O)(=O)C6=CC=C(C=C6)C(F)(F)F,"<img src=""https://pubchem.ncbi.nlm.nih.gov/image/imgsrv.fcgi?&cid=166177024&t=l"">"
156825437,Egfr-IN-29,C36H46BrN8O2P,CC1=CC(=C(C=C1N2CCC(CC2)N3CCN(CC3)C)OC)NC4=NC=C(C(=N4)NC5=C(C6=C(C=C5)N=C(C=C6)C7CC7)P(=O)(C)C)Br,"<img src=""https://pubchem.ncbi.nlm.nih.gov/image/imgsrv.fcgi?&cid=156825437&t=l"">"
162641006,Dual PARP EGFR ligand for PROTAC,C53H56ClF2N9O8,COC1=C(C=C2C(=C1)N=CN=C2NC3=CC(=C(C=C3)F)Cl)OCCCCCC(=O)NC(COCC#C)C(=O)NCCCCCC(=O)N4CCN(CC4)C(=O)C5=C(C=CC(=C5)CC6=NNC(=O)C7=CC=CC=C76)F,"<img src=""https://pubchem.ncbi.nlm.nih.gov/image/imgsrv.fcgi?&cid=162641006&t=l"">"
164886602,Egfr/her2/TS-IN-1,C24H15N5O4S2,CC1=CC2=C(C=C1)N=C(S2)NC(=O)CSC3=NC(=C(C(=O)N3)C#N)C4=COC5=CC=CC=C5C4=O,"<img src=""https://pubchem.ncbi.nlm.nih.gov/image/imgsrv.fcgi?&cid=164886602&t=l"">"
22122640,Egfr-IN-451,C19H15N5O,C=CC(=O)NC1=CC2=C(C=C1)N=CN=C2NC3=CC4=C(C=C3)NC=C4,"<img src=""https://pubchem.ncbi.nlm.nih.gov/image/imgsrv.fcgi?&cid=22122640&t=l"">"
162678811,EGFR Protein Tyrosine Kinase Substrate,C48H73N11O17,CC[C@H](C)[C@@H](C(=O)N1CCC[C@H]1C(=O)N[C@@H](CCC(=O)N)C(=O)N[C@@H](CCC(=O)N)C(=O)O)NC(=O)[C@H](CC(C)C)NC(=O)[C@H](CC2=CC=C(C=C2)O)NC(=O)[C@H](CCC(=O)O)NC(=O)[C@H](CC(=O)O)NC(=O)[C@H](C)N,"<img src=""https://pubchem.ncbi.nlm.nih.gov/image/imgsrv.fcgi?&cid=162678811&t=l"">"
165412576,EGFR kinase inhibitor 1,C30H31N7O2,CN1C=C(C2=CC=CC=C21)C3=NC(=NC=C3)NC4=C(C=C(C(=C4)NC(=O)C=C)N5C=CC=C5CN(C)C)OC,"<img src=""https://pubchem.ncbi.nlm.nih.gov/image/imgsrv.fcgi?&cid=165412576&t=l"">"
162642614,Egfr-IN-15,C24H25BrN6O2,C[C@@H]1CCCOC2=C(C=NN2C)C3=NC(=CC(=C3)C(=O)NC4=NC5=C(N4C1)C=C(C=C5)Br)C,"<img src=""https://pubchem.ncbi.nlm.nih.gov/image/imgsrv.fcgi?&cid=162642614&t=l"">"
6199344,Egfr/cdk2-IN-1,C19H12BrClO2,C1=CC=C(C(=C1)C2=CC=C(O2)/C=C/C(=O)C3=CC=C(C=C3)Br)Cl,"<img src=""https://pubchem.ncbi.nlm.nih.gov/image/imgsrv.fcgi?&cid=6199344&t=l"">"
24231093,Egfr/her2/cdk9-IN-1,C23H21N3O3S2,C1=CC=C(C=C1)CSC2=NC3=CC=CC=C3C(=O)N2CCC4=CC=C(C=C4)S(=O)(=O)N,"<img src=""https://pubchem.ncbi.nlm.nih.gov/image/imgsrv.fcgi?&cid=24231093&t=l"">"
36982442,Egfr/her2/cdk9-IN-2,C23H20N4O5S2,C1=CC=C2C(=C1)C(=O)N(C(=N2)SCC3=CC=C(C=C3)[N+](=O)[O-])CCC4=CC=C(C=C4)S(=O)(=O)N,"<img src=""https://pubchem.ncbi.nlm.nih.gov/image/imgsrv.fcgi?&cid=36982442&t=l"">"
71433873,EGFR/ErbB-2/ErbB-4 Inhibitor II,C24H28Cl2N6O3,C1COCCN1CCON=CC2=C(N=CN=C2NC3=CC(=C(C=C3)OCC4=CC=CC=C4)Cl)N.Cl,"<img src=""https://pubchem.ncbi.nlm.nih.gov/image/imgsrv.fcgi?&cid=71433873&t=l"">"
73774623,Egfr-IN-542,C23H18FN5,C1=CC(=CC(=C1)F)CN2C=CC3=C2C=CC(=C3)NC4=NC=NC5=C4C=C(C=C5)N,"<img src=""https://pubchem.ncbi.nlm.nih.gov/image/imgsrv.fcgi?&cid=73774623&t=l"">"
166176964,Egfr-IN-73,C19H17ClFN3O4,COC1=C2C=C3C(=C1)N=CN=C3NC4=CC(=C(C=C4OCCOCCO2)F)Cl,"<img src=""https://pubchem.ncbi.nlm.nih.gov/image/imgsrv.fcgi?&cid=166176964&t=l"">"
4346688,4-{2-[4-oxo-2-[(2-oxo-2-phenylethyl)thio]quinazolin-3(4H)-yl]ethyl}benzenesulfonamide,C24H21N3O4S2,C1=CC=C(C=C1)C(=O)CSC2=NC3=CC=CC=C3C(=O)N2CCC4=CC=C(C=C4)S(=O)(=O)N,"<img src=""https://pubchem.ncbi.nlm.nih.gov/image/imgsrv.fcgi?&cid=4346688&t=l"">"
46354956,Egfr/her2-IN-3,C26H23N5O3,CC1=CC=C(C=C1)C2=NN=C(O2)C3=NC4=CC=CC=C4C(=N3)NCC5=C(C=C(C=C5)OC)OC,"<img src=""https://pubchem.ncbi.nlm.nih.gov/image/imgsrv.fcgi?&cid=46354956&t=l"">"
164517196,Egfr-IN-68,C24H22N2O,COC1=CC=C(C=C1)N2C(CC(=N2)C3=CC=CC=C3)/C=C/C4=CC=CC=C4,"<img src=""https://pubchem.ncbi.nlm.nih.gov/image/imgsrv.fcgi?&cid=164517196&t=l"">"
163322009,Egfr-IN-47,C29H35N7,CN1CCN(CC1)C2=C(C=C(C=C2)NC3=NC=C4C=C(N(C4=N3)C5CCCC5)CN)C6=CC=CC=C6,"<img src=""https://pubchem.ncbi.nlm.nih.gov/image/imgsrv.fcgi?&cid=163322009&t=l"">"
163196340,Egfr-IN-34,C26H27ClN6O2,C=CC(=O)N1CCC[C@H](C1)N2C=C(C3=C(NC=NC32)N)C4=CC(=C(C=C4)OCC5=CC=CC=N5)Cl,"<img src=""https://pubchem.ncbi.nlm.nih.gov/image/imgsrv.fcgi?&cid=163196340&t=l"">"
164517195,Egfr-IN-67,C18H17N3S,C1C(N(N=C1C2=CC=CC=C2)C(=S)N)/C=C/C3=CC=CC=C3,"<img src=""https://pubchem.ncbi.nlm.nih.gov/image/imgsrv.fcgi?&cid=164517195&t=l"">"
163321914,Egfr/braf-IN-1,C26H28ClN3O4,CCOCC1=C2C(=O)N(CC(=O)N2C3=C1C=C(C=C3)Cl)CCC4=CC=C(C=C4)N5CCOCC5,"<img src=""https://pubchem.ncbi.nlm.nih.gov/image/imgsrv.fcgi?&cid=163321914&t=l"">"
164517098,PROTAC EGFR degrader 7,C46H48N10O6,CN1C=C(C2=CC=CC=C21)C3=NC(=NC=C3)NC4=C(C=C(C(=C4)NC(=O)C=C)N(C)CCN(CCCC(=O)NC5=CC=CC6=C5CN(C6=O)C7CCC(=O)NC7=O)CC#C)OC,"<img src=""https://pubchem.ncbi.nlm.nih.gov/image/imgsrv.fcgi?&cid=164517098&t=l"">"
165412708,Egfr/her2-IN-6,C18H21N5O3S,COC1=CC=C(C=C1)C2=C(N=C3N2C(=CS3)C(=O)NN)CN4CCOCC4,"<img src=""https://pubchem.ncbi.nlm.nih.gov/image/imgsrv.fcgi?&cid=165412708&t=l"">"
165412709,Egfr/her2-IN-7,C19H21N3O2S,CC1=CC=C(C=C1)C2=C(N=C3N2C(=CS3)C(=O)O)CN4CCCCC4,"<img src=""https://pubchem.ncbi.nlm.nih.gov/image/imgsrv.fcgi?&cid=165412709&t=l"">"
92044040,Protein Kinase C Substrate,C51H100N22O11,C[C@H]([C@@H](C(=O)N[C@@H](CC(C)C)C(=O)N[C@@H](CCCN=C(N)N)C(=O)N[C@@H](CCCN=C(N)N)C(=O)N[C@@H](CC(C)C)C(=O)O)NC(=O)[C@H](CCCN=C(N)N)NC(=O)[C@H](CCCCN)NC(=O)[C@H](CCCN=C(N)N)NC(=O)[C@H](C(C)C)N)O,"<img src=""https://pubchem.ncbi.nlm.nih.gov/image/imgsrv.fcgi?&cid=92044040&t=l"">"
164886619,Egfr-IN-63,C20H12BrN5S,C1=CC=C2C(=C1)N=C(S2)NC3=NC(=NC4=C3C=C(C=C4)Br)C5=CN=CC=C5,"<img src=""https://pubchem.ncbi.nlm.nih.gov/image/imgsrv.fcgi?&cid=164886619&t=l"">"
166642395,Egfr-IN-75,C10H6N6S2,C1=NC2=C(C(=N1)N)SC3=C2C4=C(S3)C(=NC=N4)N,"<img src=""https://pubchem.ncbi.nlm.nih.gov/image/imgsrv.fcgi?&cid=166642395&t=l"">"
163196269,Egfr-IN-23,C36H44BrN10O3P,CN1C=C(C=N1)C2=CC(=C(C=C2N3CCC(CC3)CN4CCCOCC4)OC)NC5=NC=C(C(=N5)NC6=C(C7=NC=CN=C7C=C6)P(=O)(C)C)Br,"<img src=""https://pubchem.ncbi.nlm.nih.gov/image/imgsrv.fcgi?&cid=163196269&t=l"">"
163196338,Egfr-IN-30,C28H33BrN7O2P,CC(C)N1CCC2=C(C=NN2C)C3=CC(=C(C=C31)OC)NC4=NC=C(C(=N4)NC5=CC=CC=C5P(=O)(C)C)Br,"<img src=""https://pubchem.ncbi.nlm.nih.gov/image/imgsrv.fcgi?&cid=163196338&t=l"">"
163322317,Egfr-IN-45,C28H23N7O,CC1=C(C(=O)N(N1C)C2=CC=CC=C2)NC3=NC4=CC=CC=C4C5=C3C(=NC(=N5)C6=CC=CC=C6)N,"<img src=""https://pubchem.ncbi.nlm.nih.gov/image/imgsrv.fcgi?&cid=163322317&t=l"">"
164886642,Egfr-IN-71,C16H9ClIN3,C#CC1=C(C=CC(=C1)NC2=NC=NC3=C2C=CC(=C3)I)Cl,"<img src=""https://pubchem.ncbi.nlm.nih.gov/image/imgsrv.fcgi?&cid=164886642&t=l"">"
163408862,Egfr-IN-57,C22H15N3O2S,CC1=CC(=NO1)N=C2NC(=O)/C(=C/C3=C4C=CC=CC4=CC5=CC=CC=C53)/S2,"<img src=""https://pubchem.ncbi.nlm.nih.gov/image/imgsrv.fcgi?&cid=163408862&t=l"">"
163409086,Egfr-IN-44,C27H29ClN6O2S,CN(C)CCN(C)C1=CC(=C(C=C1NC(=O)C=C)NC2=NC=C(C(=N2)C3=CSC4=CC=CC=C43)Cl)OC,"<img src=""https://pubchem.ncbi.nlm.nih.gov/image/imgsrv.fcgi?&cid=163409086&t=l"">"
164517194,Egfr-IN-64,C20H21N3O3,COC1=CC=C(C=C1)/C=C/C2=NN(C(C2)C3=CC=C(C=C3)OC)C(=O)N,"<img src=""https://pubchem.ncbi.nlm.nih.gov/image/imgsrv.fcgi?&cid=164517194&t=l"">"
164517099,Egfr-IN-61,C33H37ClN8O3,CN(C)CCN(C)C1=CC(=C(C=C1NC(=O)C2=CC(=NC=C2)Cl)NC3=NC=CC(=N3)C4=CN(C5=CC=CC=C54)CCCO)OC,"<img src=""https://pubchem.ncbi.nlm.nih.gov/image/imgsrv.fcgi?&cid=164517099&t=l"">"
146026038,EGFR-IN-1 (hydrochloride),C28H31ClN6O4,CC1=CC(=O)N(C2=NC(=NC=C12)NC3=C(C=C(C=C3)OCCN(C)C)OC)C4=CC=CC(=C4)NC(=O)C=C.Cl,"<img src=""https://pubchem.ncbi.nlm.nih.gov/image/imgsrv.fcgi?&cid=146026038&t=l"">"
164517079,Egfr/brafv600E-IN-1,C24H24ClN3O3,CC1=C2C(=O)N(CC(=O)N2C3=C1C=C(C=C3)Cl)CCC4=CC=C(C=C4)N5CCOCC5,"<img src=""https://pubchem.ncbi.nlm.nih.gov/image/imgsrv.fcgi?&cid=164517079&t=l"">"
164517080,Egfr-IN-60,C28H28Cl2N6O,CC1(CC2=C(C(C3=C(N2)N=CN(C3=N)/N=C/C4=CC=C(C=C4)N(C)C)C5=C(C(=CC=C5)Cl)Cl)C(=O)C1)C,"<img src=""https://pubchem.ncbi.nlm.nih.gov/image/imgsrv.fcgi?&cid=164517080&t=l"">"
164517102,Egfr-IN-62,C30H33N9O2,CN1C=C(C2=CC=CC=C21)C3=NC(=NC=C3)NC4=C(C=C(C(=C4)NC(=O)C5=NC=NC=C5)N(C)CCN(C)C)OC,"<img src=""https://pubchem.ncbi.nlm.nih.gov/image/imgsrv.fcgi?&cid=164517102&t=l"">"
164887498,Egfr-IN-70,C31H36ClN5O5S,CCS(=O)(=O)N1C=C2C3=C1C=C(C=C3)OCCCCCCOC4=C(C=C(C(=C4)NC5=NC=C(C2=N5)Cl)C)N6CCOCC6,"<img src=""https://pubchem.ncbi.nlm.nih.gov/image/imgsrv.fcgi?&cid=164887498&t=l"">"
164887603,Egfr/her2-IN-8,C16H16N4O2S,CCC(=O)NNC(=O)C1=CSC2=NC=C(N12)C3=CC=C(C=C3)C,"<img src=""https://pubchem.ncbi.nlm.nih.gov/image/imgsrv.fcgi?&cid=164887603&t=l"">"
165412706,Egfr/her2/dhfr-IN-1,C14H11BrN4O2S,CC(=O)NNC(=O)C1=CSC2=NC=C(N12)C3=CC=C(C=C3)Br,"<img src=""https://pubchem.ncbi.nlm.nih.gov/image/imgsrv.fcgi?&cid=165412706&t=l"">"
168264808,CID 168264808,C28H28FN7O,CN1CCN(CC1)C2=CC=C(C=C2)NC3=NC4=C(C=C(C=C4)F)C(=N3)NC5=CC(=CC=C5)NC(=O)C=C,"<img src=""https://pubchem.ncbi.nlm.nih.gov/image/imgsrv.fcgi?&cid=168264808&t=l"">"
